Workbook

Sheet Sheet1
A1: 제품명 | B1: 대NO | C1: 대유형 | D1: 중NO | E1: 중유형 | F1: 소NO | G1: 소유형 | H1: 제외
A2: UN-A1682 | B2: 1 | C2: 드라이어 | D2: 5 | E2: DC ㄱ자형 | F2: 5 | G2: 아모스 | H2: 제외
A3: UN-A1682(AMOS) | B3: 1 | C3: 드라이어 | D3: 5 | E3: DC ㄱ자형 | F3: 5 | G3: 아모스 | H3: 제외
A4: UN-A3097 | B4: 1 | C4: 드라이어 | D4: 6 | E4: 가정용 | F4: 3 | G4: 베이직 | H4: 제외
A5: UN-A3097 MOCK UP | B5: 1 | C5: 드라이어 | D5: 6 | E5: 가정용 | F5: 3 | G5: 베이직 | H5: 제외
A6: UN-A1309 | B6: 1 | C6: 드라이어 | D6: 6 | E6: 가정용 | F6: 3 | G6: 베이직 | H6: 제외
A7: UCI-A2309B | B7: 2 | C7: 고데기 | D7: 2 | E7: 판형 | F7: 2 | G7: 2~3만 | H7: 제외
A8: UCI-A2308W | B8: 2 | C8: 고데기 | D8: 2 | E8: 판형 | F8: 2 | G8: 2~3만 | H8: 제외
A9: UNB-A9100 | B9: 4 | C9: 기타 | D9: 2 | E9: 믹서기 | F9: 1 | G9: 믹서기 | H9: 제외
A10: UNB-A9250 | B10: 4 | C10: 기타 | D10: 2 | E10: 믹서기 | F10: 1 | G10: 믹서기 | H10: 제외
A11: UNB-A9260 | B11: 4 | C11: 기타 | D11: 2 | E11: 믹서기 | F11: 1 | G11: 믹서기 | H11: 제외
A12: UB-A9537 | B12: 4 | C12: 기타 | D12: 4 | E12: 뷰티 | F12: 1 | G12: 발각질 | H12: 제외
A13: UNS-A9421 | B13: 4 | C13: 기타 | D13: 4 | E13: 뷰티 | F13: 1 | G13: 멀티트리머 | H13: 제외
A14: UN-C1991 | B14: =VLOOKUP($A14,[1]상품코드집!$B:$H,2,0) -> 1 | C14: =VLOOKUP($A14,[1]상품코드집!$B:$H,3,0) -> 드라이어 | D14: =VLOOKUP($A14,[1]상품코드집!$B:$H,4,0) -> 1 | E14: =VLOOKUP($A14,[1]상품코드집!$B:$H,5,0) -> 에어샷 | F14: =VLOOKUP($A14,[1]상품코드집!$B:$H,6,0) -> 2 | G14: =VLOOKUP($A14,[1]상품코드집!$B:$H,7,0) -> 에어샷T | H14: 제외
A15: UN-C1940 | B15: =VLOOKUP($A15,[1]상품코드집!$B:$H,2,0) -> 1 | C15: =VLOOKUP($A15,[1]상품코드집!$B:$H,3,0) -> 드라이어 | D15: =VLOOKUP($A15,[1]상품코드집!$B:$H,4,0) -> 1 | E15: =VLOOKUP($A15,[1]상품코드집!$B:$H,5,0) -> 에어샷 | F15: =VLOOKUP($A15,[1]상품코드집!$B:$H,6,0) -> 3 | G15: =VLOOKUP($A15,[1]상품코드집!$B:$H,7,0) -> 에어샷U | H15: 제외
A16: UN-A9500TEST | B16: =VLOOKUP($A16,[1]상품코드집!$B:$H,2,0) -> 4 | C16: =VLOOKUP($A16,[1]상품코드집!$B:$H,3,0) -> 기타 | D16: =VLOOKUP($A16,[1]상품코드집!$B:$H,4,0) -> 5 | E16: =VLOOKUP($A16,[1]상품코드집!$B:$H,5,0) -> 기타 | F16: =VLOOKUP($A16,[1]상품코드집!$B:$H,6,0) -> 5 | G16: =VLOOKUP($A16,[1]상품코드집!$B:$H,7,0) -> 기타 | H16: 제외
A17: UCI-A9525TEST | B17: =VLOOKUP($A17,[1]상품코드집!$B:$H,2,0) -> 4 | C17: =VLOOKUP($A17,[1]상품코드집!$B:$H,3,0) -> 기타 | D17: =VLOOKUP($A17,[1]상품코드집!$B:$H,4,0) -> 5 | E17: =VLOOKUP($A17,[1]상품코드집!$B:$H,5,0) -> 기타 | F17: =VLOOKUP($A17,[1]상품코드집!$B:$H,6,0) -> 5 | G17: =VLOOKUP($A17,[1]상품코드집!$B:$H,7,0) -> 기타 | H17: 제외
A18: UCI-A4140 | B18: =VLOOKUP($A18,[1]상품코드집!$B:$H,2,0) -> 2 | C18: =VLOOKUP($A18,[1]상품코드집!$B:$H,3,0) -> 고데기 | D18: =VLOOKUP($A18,[1]상품코드집!$B:$H,4,0) -> 3 | E18: =VLOOKUP($A18,[1]상품코드집!$B:$H,5,0) -> 봉형 | F18: =VLOOKUP($A18,[1]상품코드집!$B:$H,6,0) -> 1 | G18: =VLOOKUP($A18,[1]상품코드집!$B:$H,7,0) -> 봉형 | H18: 제외
A19: PW-A5926 | B19: =VLOOKUP($A19,[1]상품코드집!$B:$H,2,0) -> 3 | C19: =VLOOKUP($A19,[1]상품코드집!$B:$H,3,0) -> 헤어롤 | D19: =VLOOKUP($A19,[1]상품코드집!$B:$H,4,0) -> 1 | E19: =VLOOKUP($A19,[1]상품코드집!$B:$H,5,0) -> 헤어롤 | F19: =VLOOKUP($A19,[1]상품코드집!$B:$H,6,0) -> 1 | G19: =VLOOKUP($A19,[1]상품코드집!$B:$H,7,0) -> 헤어롤 | H19: 제외

Sheet Sheet2

Sheet Sheet3
